{
  "model": "LogisticRegression",
  "accuracy": 0.8902,
  "precision": 0.8645,
  "recall": 0.9144,
  "f1_score": 0.8888,
  "confusion_matrix": [
    [
      10507,
      1598
    ],
    [
      955,
      10198
    ]
  ],
  "true_negatives": 10507,
  "false_positives": 1598,
  "false_negatives": 955,
  "true_positives": 10198,
  "roc_auc": 0.9634,
  "gini": 0.9267,
  "roc_curve": {
    "fpr": [
      0.0,
      0.002808756712102437,
      0.0057827344072697235,
      0.008921933085501859,
      0.012061131763733994,
      0.015282940933498555,
      0.01858736059479554,
      0.021891780256092525,
      0.025278810408921933,
      0.028500619578686492,
      0.03205287071458075,
      0.03560512185047501,
      0.03890954151177199,
      0.04246179264766625,
      0.04634448574969021,
      0.05022717885171417,
      0.05427509293680297,
      0.057909954564229656,
      0.062205700123915735,
      0.06650144568360182,
      0.07087980173482032,
      0.07509293680297398,
      0.07988434531185461,
      0.08508880627839735,
      0.08971499380421313,
      0.09434118133002892,
      0.09855431639818257,
      0.1030152829409335,
      0.1093762907889302,
      0.11548946716232962,
      0.12135481206113176,
      0.12697232548533663,
      0.13217678645187939,
      0.1386204047914085,
      0.1459727385377943,
      0.1524163568773234,
      0.16125567947129285,
      0.16902106567534078,
      0.1752168525402726,
      0.18306484923585295,
      0.1919041718298224,
      0.2014043783560512,
      0.21189591078066913,
      0.22090045435770342,
      0.229574555968608,
      0.2395704254440314,
      0.25592730276745146,
      0.27567121024370095,
      0.3087154068566708,
      0.39512598099958696,
      0.7103676166873193
    ],
    "tpr": [
      0.0,
      0.4678561821931319,
      0.5197704653456469,
      0.5594010580112974,
      0.5884515377028602,
      0.6198332287276966,
      0.6402761588810185,
      0.6609880749574105,
      0.6791894557518157,
      0.6990047520846409,
      0.7135299919304223,
      0.7255446964942168,
      0.7393526405451448,
      0.7532502465704295,
      0.7670581906213575,
      0.7771899937236618,
      0.7866941630054693,
      0.7953017125437102,
      0.804178248005021,
      0.8135030933381153,
      0.8225589527481395,
      0.8317044741325204,
      0.8410293194656147,
      0.8495472070294988,
      0.855285573388326,
      0.8642517708239935,
      0.872142024567381,
      0.879314982515915,
      0.8871155742849458,
      0.8947368421052632,
      0.9010131803102305,
      0.9073791804895543,
      0.9145521384380884,
      0.9208284766430557,
      0.9265668430018829,
      0.9323052093607102,
      0.9371469559759706,
      0.9425266744373711,
      0.9473684210526315,
      0.9528378014883888,
      0.9581278579754327,
      0.962700618667623,
      0.9673630413341702,
      0.9716668161032906,
      0.9766878866672644,
      0.9807226755133148,
      0.9845781404106518,
      0.9887922532054155,
      0.9923787321796826,
      0.9956065632565229,
      0.9989240563077199
    ]
  }
}